wl;refl
400;-0.078073
400.195408;-0.040541
400.390816;0.11262
400.586224;0.23355
400.781632;-0.22348
400.97704;-0.011864
401.172447;0.14928
401.367855;0.087302
401.563263;0.059859
401.758671;0.043578
401.954079;0.0089286
402.149487;-0.1254
402.344895;-0.44611
402.540303;-0.015317
402.735711;0.040945
402.931119;-0.25
403.126527;-0.25951
403.321935;-0.13775
403.517342;0.17927
403.71275;0.0042553
403.908158;0.0082645
404.103566;-0.11504
404.298974;-0.18519
404.494382;-0.013093
404.68979;0.039655
404.885198;-0.10835
405.080606;-0.15591
405.276014;0.2381
405.471422;-0.27755
405.66683;-0.16023
405.862237;0.0051546
406.057645;-0.068522
406.253053;-0.14576
406.448461;0.012945
406.643869;-0.23582
406.839277;0.2124
407.034685;0.081833
407.230093;-0.32237
407.425501;-0.16899
407.620909;0.0015015
407.816317;0.048265
408.011724;-0.087129
408.207132;-0.095335
408.40254;-0.090226
408.597948;0.057192
408.793356;0.028933
408.988764;0.064205
409.184172;-0.10969
409.37958;0.0068027
409.574988;-0.13667
409.770396;-0.068468
409.965804;-0.26923
410.161212;-0.26614
410.356619;0.034549
410.552027;0.36513
410.747435;-0.040698
410.942843;-0.10505
411.138251;-0.11816
411.333659;0.0032
411.529067;-0.20377
411.724475;0.047863
411.919883;0.15588
412.115291;-0.081466
412.310699;-0.29622
412.506106;-0.29821
412.701514;0.18655
412.896922;0.16618
413.09233;-0.17174
413.287738;-0.042934
413.483146;-0.081942
413.678554;0.044747
413.873962;-0.17816
414.06937;0.021776
414.264778;0.08744
414.460186;0.011321
414.655594;0.06
414.851001;-0.095395
415.046409;0.1401
415.241817;156
415.437225;16
415.632633;0.19163
415.828041;-0.44244
416.023449;0
416.218857;0.027687
416.414265;-0.16043
416.609673;-0.0096899
416.805081;0.041219
417.000489;0.012618
417.195896;-0.20331
417.391304;-0.74359
417.586712;0.068259
417.78212;-0.033868
417.977528;0.18873
418.172936;0.20284
418.368344;0.010776
418.563752;-102
418.75916;-0.19883
418.954568;-0.049908
419.149976;-0.14332
419.345383;0.045669
419.540791;-0.049057
419.736199;-0.51195
419.931607;-0.12109
420.127015;0.036952
420.322423;0.3486
420.517831;0.20378
420.713239;-0.16598
420.908647;-0.047511
421.104055;-0.12371
421.299463;0.025682
421.494871;-0.10145
421.690278;0.10649
421.885686;-0.1046
422.081094;0.070492
422.276502;-0.25063
422.47191;0.27753
422.667318;-0.11263
422.862726;-0.027586
423.058134;0.13152
423.253542;-0.044444
423.44895;-0.080071
423.644358;-0.028791
423.839766;-0.024233
424.035173;-0.10148
424.230581;0.20292
424.425989;0.058027
424.621397;0.057143
424.816805;-0.33254
425.012213;0.04878
425.207621;-0.1675
425.403029;-0.1152
425.598437;-0.13602
425.793845;-0.18067
425.989253;0.31986
426.18466;-0.17423
426.380068;-0.080808
426.575476;0.016245
426.770884;0.17805
426.966292;0.091562
427.1617;0.2153
427.357108;0.10116
427.552516;-0.046332
427.747924;-0.055258
427.943332;0.23039
428.13874;-0.15615
428.334148;-0.037634
428.529555;-0.11618
428.724963;-0.4799
428.920371;-0.031365
429.115779;-0.045852
429.311187;-0.24219
429.506595;-0.11059
429.702003;0.095745
429.897411;0.17172
430.092819;-0.22059
430.288227;-0.031802
430.483635;-0.22761
430.679043;-0.48052
430.87445;-0.023622
431.069858;0.020243
431.265266;0.11091
431.460674;-0.17763
431.656082;0.21252
431.85149;0.074581
432.046898;0.11765
432.242306;0.0020747
432.437714;0.033333
432.633122;-0.19843
432.82853;-0.49034
433.023937;-0.16245
433.219345;-0.05336
433.414753;-0.048117
433.610161;0.14723
433.805569;0.25097
434.000977;-0.17689
434.196385;-0.39906
434.391793;-0.13579
434.587201;-0.081395
434.782609;-0.10065
434.978017;-0.045833
435.173425;-0.035533
435.368832;-0.12741
435.56424;-0.21336
435.759648;-0.32564
435.955056;0.12262
436.150464;-0.089368
436.345872;-0.14085
436.54128;-0.031301
436.736688;0.044693
436.932096;0.12909
437.127504;-0.54444
437.322912;0.14005
437.518319;0.082192
437.713727;76
437.909135;0.23178
438.104543;-0.27477
438.299951;0.045307
438.495359;-0.24368
438.690767;-0.26766
438.886175;-0.058304
439.081583;0.033445
439.276991;-0.052224
439.472399;0.14161
439.667807;0.14103
439.863214;0.072848
440.058622;0.032143
440.25403;0.098124
440.449438;-0.16779
440.644846;-0.11815
440.840254;-0.0016722
441.035662;-0.039088
441.23107;0.10664
441.426478;-0.12977
441.621886;0.060465
441.817294;0.10796
442.012702;-0.050167
442.208109;-0.1147
442.403517;0.03527
442.598925;0.11847
442.794333;-0.060606
442.989741;-0.20808
443.185149;0.06162
443.380557;-0.0047022
443.575965;0.20251
443.771373;0.23226
443.966781;0.19192
444.162189;-0.062003
444.357596;-0.20329
444.553004;-0.15035
444.748412;0.0060606
444.94382;0.0013369
445.139228;-0.18506
445.334636;-0.37778
445.530044;-0.21284
445.725452;0.0088365
445.92086;-0.096322
446.116268;-0.070381
446.311676;-0.081594
446.507084;0.25405
446.702491;-0.055846
446.897899;0.10156
447.093307;0.16614
447.288715;0.35749
447.484123;-0.025758
447.679531;0.23694
447.874939;0.078176
448.070347;-0.061033
448.265755;0.057312
448.461163;0.068966
448.656571;-222
448.851979;0.17292
449.047386;-0.046763
449.242794;-0.1202
449.438202;-0.1609
449.63361;0.12338
449.829018;0.0048622
450.024426;-0.18578
450.219834;-0.22876
450.415242;-0.024605
450.61065;0.14967
450.806058;-0.10638
451.001466;0.035088
451.196873;0.09119
451.392281;-0.070376
451.587689;-0.22892
451.783097;-0.26098
451.978505;0.21745
452.173913;-0.4612
452.369321;-0.091388
452.564729;-0.43682
452.760137;-84
452.955545;-0.13126
453.150953;-0.027322
453.346361;-0.018405
453.541768;-0.10891
453.737176;0.18053
453.932584;0.22159
454.127992;-0.093949
454.3234;-0.079872
454.518808;0.1
454.714216;-0.041528
454.909624;0.090909
455.105032;-0.082353
455.30044;-0.18151
455.495848;0.058708
455.691255;-0.011765
455.886663;-0.029358
456.082071;-0.1124
456.277479;-0.061256
456.472887;-0.25651
456.668295;0.0021882
456.863703;-0.1896
457.059111;-0.031936
457.254519;-0.30263
457.449927;0.05124
457.645335;0.011236
457.840743;-302
458.03615;-0.20652
458.231558;0.0066445
458.426966;-0.055965
458.622374;-0.082077
458.817782;-0.17699
459.01319;0.071895
459.208598;0.099379
459.404006;0.18681
459.599414;0.021851
459.794822;0.083458
459.99023;0.17821
460.185638;-0.037685
460.381045;0.0052356
460.576453;0.088915
460.771861;0.034146
460.967269;0.088869
461.162677;-0.075995
461.358085;-102
461.553493;0.017544
461.748901;0.12773
461.944309;-0.0047059
462.139717;0.18591
462.335125;-0.091709
462.530532;0.065278
462.72594;0.037231
462.921348;-0.022649
463.116756;0.063408
463.312164;0.044618
463.507572;0.030539
463.70298;0.019169
463.898388;0.042652
464.093796;-0.026413
464.289204;0.028686
464.484612;0.1426
464.68002;0.099087
464.875427;0.023904
465.070835;0.1295
465.266243;0.10842
465.461651;0.06867
465.657059;0.0625
465.852467;0.10274
466.047875;0.094542
466.243283;0.052162
466.438691;0.067202
466.634099;0.039963
466.829507;0.090729
467.024915;0.051311
467.220322;0.077681
467.41573;0.051358
467.611138;0.073255
467.806546;0.084772
468.001954;0.10093
468.197362;0.061528
468.39277;0.10759
468.588178;0.084261
468.783586;0.085731
468.978994;0.073879
469.174402;0.084874
469.369809;0.085417
469.565217;0.069507
469.760625;0.098013
469.956033;0.084632
470.151441;0.11067
470.346849;0.081987
470.542257;0.075366
470.737665;0.080099
470.933073;0.093429
471.128481;0.082791
471.323889;0.096717
471.519297;0.084137
471.714704;0.058122
471.910112;0.092095
472.10552;0.088293
472.300928;0.078415
472.496336;0.076113
472.691744;0.095757
472.887152;0.093808
473.08256;0.093397
473.277968;0.078103
473.473376;0.064784
473.668784;0.078492
473.864191;0.08974
474.059599;0.084169
474.255007;0.083519
474.450415;0.080018
474.645823;0.071549
474.841231;0.071314
475.036639;0.071322
475.232047;0.075144
475.427455;0.081568
475.622863;0.074731
475.818271;0.074626
476.013679;0.076634
476.209086;0.061615
476.404494;0.071264
476.599902;0.068744
476.79531;0.073132
476.990718;0.069415
477.186126;0.077398
477.381534;0.074753
477.576942;0.077645
477.77235;0.070562
477.967758;0.072436
478.163166;0.07176
478.358574;0.075791
478.553981;0.067846
478.749389;0.071131
478.944797;0.073229
479.140205;0.077357
479.335613;0.074334
479.531021;0.072255
479.726429;0.070242
479.921837;0.067712
480.117245;0.077005
480.312653;0.072883
480.508061;0.0784
480.703468;0.077801
480.898876;0.07204
481.094284;0.070864
481.289692;0.073581
481.4851;0.073414
481.680508;0.078291
481.875916;0.071665
482.071324;0.070896
482.266732;0.076143
482.46214;0.081024
482.657548;0.073651
482.852956;0.068853
483.048363;0.072636
483.243771;0.07457
483.439179;0.070599
483.634587;0.071576
483.829995;0.072204
484.025403;0.074166
484.220811;0.075441
484.416219;0.070631
484.611627;0.069971
484.807035;0.076401
485.002443;0.075348
485.197851;0.073763
485.393258;0.074243
485.588666;0.075092
485.784074;0.072824
485.979482;0.076215
486.17489;0.075937
486.370298;0.07288
486.565706;0.071453
486.761114;0.072833
486.956522;0.073681
487.15193;0.074187
487.347338;0.070791
487.542745;0.073748
487.738153;0.078029
487.933561;0.075845
488.128969;0.074836
488.324377;0.075668
488.519785;0.073782
488.715193;0.072462
488.910601;0.078766
489.106009;0.075363
489.301417;0.074498
489.496825;0.07552
489.692233;0.074048
489.88764;0.073523
490.083048;0.078938
490.278456;0.076305
490.473864;0.075839
490.669272;0.074363
490.86468;0.074413
491.060088;0.076793
491.255496;0.075117
491.450904;0.077412
491.646312;0.074382
491.84172;0.075142
492.037128;0.073351
492.232535;0.076287
492.427943;0.076687
492.623351;0.075543
492.818759;0.073903
493.014167;0.073313
493.209575;0.072793
493.404983;0.073576
493.600391;0.070093
493.795799;0.075739
493.991207;0.070508
494.186615;0.073531
494.382022;0.075253
494.57743;0.076467
494.772838;0.073347
494.968246;0.074429
495.163654;0.074236
495.359062;0.07199
495.55447;0.073681
495.749878;0.072425
495.945286;0.073691
496.140694;0.076053
496.336102;0.074346
496.53151;0.073576
496.726917;0.074084
496.922325;0.073401
497.117733;0.073243
497.313141;0.072429
497.508549;0.075873
497.703957;0.074683
497.899365;0.072664
498.094773;0.073486
498.290181;0.073132
498.485589;0.070196
498.680997;0.072632
498.876404;0.07208
499.071812;0.070841
499.26722;0.072657
499.462628;0.071697
499.658036;0.073435
499.853444;0.072673
500.048852;0.072945
500.24426;0.073592
500.439668;0.073711
500.635076;0.072399
500.830484;0.070628
501.025892;0.072864
501.221299;0.072376
501.416707;0.07036
501.612115;0.072992
501.807523;0.071667
502.002931;0.07212
502.198339;0.070973
502.393747;0.070355
502.589155;0.07021
502.784563;0.071172
502.979971;0.070534
503.175379;0.069459
503.370787;0.069886
503.566194;0.069359
503.761602;0.071169
503.95701;0.069516
504.152418;0.070142
504.347826;0.069434
504.543234;0.068991
504.738642;0.0691
504.93405;0.070366
505.129458;0.06937
505.324866;0.06908
505.520274;0.069905
505.715681;0.069411
505.911089;0.06915
506.106497;0.069971
506.301905;0.069134
506.497313;0.069714
506.692721;0.069899
506.888129;0.06888
507.083537;0.069161
507.278945;0.069019
507.474353;0.067924
507.669761;0.068871
507.865169;0.068717
508.060576;0.071014
508.255984;0.070302
508.451392;0.069596
508.6468;0.070045
508.842208;0.068629
509.037616;0.069036
509.233024;0.068416
509.428432;0.068251
509.62384;0.067675
509.819248;0.067983
510.014656;0.068794
510.210064;0.068735
510.405471;0.069156
510.600879;0.068011
510.796287;0.067528
510.991695;0.068103
511.187103;0.067874
511.382511;0.06774
511.577919;0.067829
511.773327;0.067769
511.968735;0.067488
512.164143;0.068554
512.359551;0.069399
512.554958;0.067711
512.750366;0.066949
512.945774;0.067014
513.141182;0.067024
513.33659;0.066841
513.531998;0.068052
513.727406;0.068286
513.922814;0.067662
514.118222;0.067982
514.31363;0.067069
514.509038;0.067215
514.704446;0.067631
514.899853;0.068043
515.095261;0.069533
515.290669;0.069462
515.486077;0.069843
515.681485;0.068838
515.876893;0.068318
516.072301;0.067349
516.267709;0.066366
516.463117;0.067121
516.658525;0.068041
516.853933;0.068452
517.04934;0.06852
517.244748;0.067359
517.440156;0.068233
517.635564;0.068032
517.830972;0.06915
518.02638;0.068883
518.221788;0.06911
518.417196;0.070027
518.612604;0.06972
518.808012;0.068487
519.00342;0.068656
519.198828;0.068961
519.394235;0.06972
519.589643;0.069983
519.785051;0.070796
519.980459;0.069364
520.175867;0.070699
520.371275;0.069608
520.566683;0.068484
520.762091;0.068891
520.957499;0.069821
521.152907;0.07061
521.348315;0.071574
521.543723;0.071658
521.73913;0.071746
521.934538;0.072321
522.129946;0.071665
522.325354;0.070906
522.520762;0.071637
522.71617;0.071463
522.911578;0.072357
523.106986;0.072669
523.302394;0.072505
523.497802;0.072756
523.69321;0.072784
523.888617;0.07405
524.084025;0.074196
524.279433;0.074041
524.474841;0.074383
524.670249;0.074542
524.865657;0.074551
525.061065;0.07516
525.256473;0.074758
525.451881;0.074104
525.647289;0.073988
525.842697;0.074315
526.038105;0.075486
526.233512;0.074837
526.42892;0.075811
526.624328;0.074746
526.819736;0.074749
527.015144;0.073722
527.210552;0.072277
527.40596;0.07213
527.601368;0.071762
527.796776;0.072347
527.992184;0.072161
528.187592;0.072001
528.383;0.071727
528.578407;0.069772
528.773815;0.069344
528.969223;0.068229
529.164631;0.068284
529.360039;0.066125
529.555447;0.065689
529.750855;0.065765
529.946263;0.063264
530.141671;0.061959
530.337079;0.060732
530.532487;0.059795
530.727894;0.058787
530.923302;0.057343
531.11871;0.056409
531.314118;0.055538
531.509526;0.055515
531.704934;0.05397
531.900342;0.052875
532.09575;0.050642
532.291158;0.049764
532.486566;0.048097
532.681974;0.047389
532.877382;0.046598
533.072789;0.045952
533.268197;0.045467
533.463605;0.044319
533.659013;0.043798
533.854421;0.043966
534.049829;0.043497
534.245237;0.042309
534.440645;0.042261
534.636053;0.041225
534.831461;0.041512
535.026869;0.041275
535.222277;0.041451
535.417684;0.041615
535.613092;0.042577
535.8085;0.042518
536.003908;0.043002
536.199316;0.043518
536.394724;0.043689
536.590132;0.045278
536.78554;0.046491
536.980948;0.047778
537.176356;0.047674
537.371764;0.04891
537.567171;0.049832
537.762579;0.05072
537.957987;0.052827
538.153395;0.054226
538.348803;0.054917
538.544211;0.056943
538.739619;0.058747
538.935027;0.060614
539.130435;0.062919
539.325843;0.065236
539.521251;0.067849
539.716659;0.070178
539.912066;0.073888
540.107474;0.076445
540.302882;0.07994
540.49829;0.082547
540.693698;0.084861
540.889106;0.08708
541.084514;0.087647
541.279922;0.089239
541.47533;0.090955
541.670738;0.092261
541.866146;0.092099
542.061553;0.091797
542.256961;0.093517
542.452369;0.094622
542.647777;0.097724
542.843185;0.098729
543.038593;0.10041
543.234001;0.10008
543.429409;0.10162
543.624817;0.10399
543.820225;0.10641
544.015633;0.10915
544.211041;0.10961
544.406448;0.11349
544.601856;0.11539
544.797264;0.11817
544.992672;0.11948
545.18808;0.12116
545.383488;0.12338
545.578896;0.12623
545.774304;0.12698
545.969712;0.12569
546.16512;0.12693
546.360528;0.12652
546.555936;0.12508
546.751343;0.12509
546.946751;0.12572
547.142159;0.12813
547.337567;0.13099
547.532975;0.1294
547.728383;0.1276
547.923791;0.1277
548.119199;0.12963
548.314607;0.1295
548.510015;0.1288
548.705423;0.13074
548.90083;0.13153
549.096238;0.13114
549.291646;0.13329
549.487054;0.13588
549.682462;0.13874
549.87787;0.13989
550.073278;0.13957
550.268686;0.14128
550.464094;0.14186
550.659502;0.14123
550.85491;0.1425
551.050318;0.1415
551.245725;0.14064
551.441133;0.13969
551.636541;0.14273
551.831949;0.14198
552.027357;0.14318
552.222765;0.14096
552.418173;0.14183
552.613581;0.14121
552.808989;0.14313
553.004397;0.14281
553.199805;0.14001
553.395213;0.13893
553.59062;0.13886
553.786028;0.13582
553.981436;0.13713
554.176844;0.13445
554.372252;0.13366
554.56766;0.13342
554.763068;0.13463
554.958476;0.13537
555.153884;0.13709
555.349292;0.13442
555.5447;0.13296
555.740107;0.13109
555.935515;0.12986
556.130923;0.13088
556.326331;0.12781
556.521739;0.12575
556.717147;0.12341
556.912555;0.12312
557.107963;0.12405
557.303371;0.12283
557.498779;0.1229
557.694187;0.12295
557.889595;0.12431
558.085002;0.12477
558.28041;0.12503
558.475818;0.1212
558.671226;0.11888
558.866634;0.11859
559.062042;0.11472
559.25745;0.11276
559.452858;0.11323
559.648266;0.10958
559.843674;0.10541
560.039082;0.1028
560.234489;0.099305
560.429897;0.097929
560.625305;0.09637
560.820713;0.095133
561.016121;0.093602
561.211529;0.094991
561.406937;0.096437
561.602345;0.094253
561.797753;0.091752
561.993161;0.090116
562.188569;0.089532
562.383977;0.087739
562.579384;0.084913
562.774792;0.083387
562.9702;0.082705
563.165608;0.082051
563.361016;0.081284
563.556424;0.081103
563.751832;0.081067
563.94724;0.083054
564.142648;0.084301
564.338056;0.08531
564.533464;0.084935
564.728872;0.08428
564.924279;0.082186
565.119687;0.079733
565.315095;0.077767
565.510503;0.074997
565.705911;0.072482
565.901319;0.068246
566.096727;0.06447
566.292135;0.061687
566.487543;0.057986
566.682951;0.054831
566.878359;0.052225
567.073766;0.048392
567.269174;0.046523
567.464582;0.043965
567.65999;0.04134
567.855398;0.039635
568.050806;0.039155
568.246214;0.038503
568.441622;0.037215
568.63703;0.036244
568.832438;0.035944
569.027846;0.035187
569.223254;0.034507
569.418661;0.032962
569.614069;0.031271
569.809477;0.031649
570.004885;0.030594
570.200293;0.029606
570.395701;0.029602
570.591109;0.031197
570.786517;0.03083
570.981925;0.030153
571.177333;0.030253
571.372741;0.030689
571.568149;0.030792
571.763556;0.029971
571.958964;0.030347
572.154372;0.029813
572.34978;0.029781
572.545188;0.029258
572.740596;0.0276
572.936004;0.026698
573.131412;0.026721
573.32682;0.026524
573.522228;0.025865
573.717636;0.025797
573.913043;0.025754
574.108451;0.025263
574.303859;0.024999
574.499267;0.025174
574.694675;0.024728
574.890083;0.024698
575.085491;0.026354
575.280899;0.026773
575.476307;0.027668
575.671715;0.02871
575.867123;0.028947
576.062531;0.030794
576.257938;0.031799
576.453346;0.033053
576.648754;0.034634
576.844162;0.036023
577.03957;0.037918
577.234978;0.039038
577.430386;0.040263
577.625794;0.042236
577.821202;0.04234
578.01661;0.043759
578.212018;0.044966
578.407426;0.04551
578.602833;0.047037
578.798241;0.046924
578.993649;0.046251
579.189057;0.048185
579.384465;0.045664
579.579873;0.04502
579.775281;0.044771
579.970689;0.04325
580.166097;0.042956
580.361505;0.043396
580.556913;0.041159
580.75232;0.041112
580.947728;0.041257
581.143136;0.040505
581.338544;0.039662
581.533952;0.040999
581.72936;0.039595
581.924768;0.040439
582.120176;0.040776
582.315584;0.041096
582.510992;0.042797
582.7064;0.044097
582.901808;0.044303
583.097215;0.046354
583.292623;0.044816
583.488031;0.0459
583.683439;0.04645
583.878847;0.047538
584.074255;0.04928
584.269663;0.050965
584.465071;0.053256
584.660479;0.054936
584.855887;0.05751
585.051295;0.061921
585.246702;0.063206
585.44211;0.065331
585.637518;0.068218
585.832926;0.071287
586.028334;0.076043
586.223742;0.07899
586.41915;0.083736
586.614558;0.085479
586.809966;0.08673
587.005374;0.086312
587.200782;0.087861
587.39619;0.087172
587.591597;0.085339
587.787005;0.086717
587.982413;0.085167
588.177821;0.084196
588.373229;0.083339
588.568637;0.084366
588.764045;0.083798
588.959453;0.08386
589.154861;0.084417
589.350269;0.084378
589.545677;0.084727
589.741085;0.085915
589.936492;0.087991
590.1319;0.087865
590.327308;0.086171
590.522716;0.083547
590.718124;0.083207
590.913532;0.082767
591.10894;0.082308
591.304348;0.080216
591.499756;0.082717
591.695164;0.084663
591.890572;0.085863
592.085979;0.085307
592.281387;0.085398
592.476795;0.083796
592.672203;0.085005
592.867611;0.086551
593.063019;0.087386
593.258427;0.084938
593.453835;0.084945
593.649243;0.087783
593.844651;0.089647
594.040059;0.090601
594.235467;0.093553
594.430874;0.095158
594.626282;0.09908
594.82169;0.10176
595.017098;0.1082
595.212506;0.10944
595.407914;0.11499
595.603322;0.11929
595.79873;0.11981
595.994138;0.12223
596.189546;0.12294
596.384954;0.12698
596.580362;0.12837
596.775769;0.12905
596.971177;0.12731
597.166585;0.12934
597.361993;0.1269
597.557401;0.12488
597.752809;0.12647
597.948217;0.12339
598.143625;0.12598
598.339033;0.12387
598.534441;0.12306
598.729849;0.12064
598.925256;0.12424
599.120664;0.12435
599.316072;0.12514
599.51148;0.12425
599.706888;0.12303
599.902296;0.11839
600.097704;0.12059
600.293112;0.1165
600.48852;0.11833
600.683928;0.11761
600.879336;0.1193
601.074744;0.12238
601.270151;0.12185
601.465559;0.12279
601.660967;0.12641
601.856375;0.12559
602.051783;0.12211
602.247191;0.12131
602.442599;0.12054
602.638007;0.12233
602.833415;0.12274
603.028823;0.12236
603.224231;0.12288
603.419638;0.12356
603.615046;0.12154
603.810454;0.1228
604.005862;0.12294
604.20127;0.12404
604.396678;0.12363
604.592086;0.12864
604.787494;0.12882
604.982902;0.1281
605.17831;0.12916
605.373718;0.12703
605.569126;0.12842
605.764533;0.1269
605.959941;0.12871
606.155349;0.12971
606.350757;0.12964
606.546165;0.12926
606.741573;0.13441
606.936981;0.1386
607.132389;0.14018
607.327797;0.14266
607.523205;0.1441
607.718613;0.14616
607.914021;0.14994
608.109428;0.14971
608.304836;0.15185
608.500244;0.15081
608.695652;0.15234
608.89106;0.15359
609.086468;0.15108
609.281876;0.15216
609.477284;0.1508
609.672692;0.1493
609.8681;0.14645
610.063508;0.1495
610.258915;0.14776
610.454323;0.14655
610.649731;0.14187
610.845139;0.1406
611.040547;0.14438
611.235955;0.14256
611.431363;0.14138
611.626771;0.13489
611.822179;0.13105
612.017587;0.13004
612.212995;0.13131
612.408403;0.12862
612.60381;0.12762
612.799218;0.12933
612.994626;0.13219
613.190034;0.12934
613.385442;0.13228
613.58085;0.1321
613.776258;0.13186
613.971666;0.12849
614.167074;0.1362
614.362482;0.13942
614.55789;0.1359
614.753298;0.13647
614.948705;0.13844
615.144113;0.14042
615.339521;0.14132
615.534929;0.13899
615.730337;0.14413
615.925745;0.1438
616.121153;0.14155
616.316561;0.1445
616.511969;0.1462
616.707377;0.14615
616.902785;0.14569
617.098192;0.14922
617.2936;0.14413
617.489008;0.14043
617.684416;0.13936
617.879824;0.1373
618.075232;0.13619
618.27064;0.1364
618.466048;0.13664
618.661456;0.1411
618.856864;0.13934
619.052272;0.13977
619.24768;0.13696
619.443087;0.13888
619.638495;0.13922
619.833903;0.13981
620.029311;0.14212
620.224719;0.14238
620.420127;0.14917
620.615535;0.14422
620.810943;0.14447
621.006351;0.14326
621.201759;0.14388
621.397167;0.14378
621.592574;0.13763
621.787982;0.14161
621.98339;0.14622
622.178798;0.1483
622.374206;0.14856
622.569614;0.15038
622.765022;0.15085
622.96043;0.14887
623.155838;0.14897
623.351246;0.14564
623.546654;0.13985
623.742062;0.14199
623.937469;0.1367
624.132877;0.12751
624.328285;0.12537
624.523693;0.12345
624.719101;0.12162
624.914509;0.11732
625.109917;0.1136
625.305325;0.11097
625.500733;0.11255
625.696141;0.11034
625.891549;0.11675
626.086957;0.11457
626.282364;0.11155
626.477772;0.10962
626.67318;0.11331
626.868588;0.11084
627.063996;0.11362
627.259404;0.11421
627.454812;0.11115
627.65022;0.1088
627.845628;0.10451
628.041036;0.10206
628.236444;0.10201
628.431851;0.10286
628.627259;0.09965
628.822667;0.10075
629.018075;0.10591
629.213483;0.098261
629.408891;0.099429
629.604299;0.091579
629.799707;0.094377
629.995115;0.092713
630.190523;0.08913
630.385931;0.089853
630.581339;0.086807
630.776746;0.088652
630.972154;0.089121
631.167562;0.090049
631.36297;0.087461
631.558378;0.085062
631.753786;0.081536
631.949194;0.089392
632.144602;0.087777
632.34001;0.087244
632.535418;0.083951
632.730826;0.084499
632.926234;0.086312
633.121641;0.083014
633.317049;0.087465
633.512457;0.092618
633.707865;0.084008
633.903273;0.085039
634.098681;0.089515
634.294089;0.092108
634.489497;0.094282
634.684905;0.092384
634.880313;0.098615
635.075721;0.096699
635.271128;0.097624
635.466536;0.099249
635.661944;0.10204
635.857352;0.097107
636.05276;0.097716
636.248168;0.094348
636.443576;0.096081
636.638984;0.10021
636.834392;0.096812
637.0298;0.089576
637.225208;0.093131
637.420616;0.092809
637.616023;0.089487
637.811431;0.082863
638.006839;0.087548
638.202247;0.08144
638.397655;0.088045
638.593063;0.086612
638.788471;0.084499
638.983879;0.088638
639.179287;0.082035
639.374695;0.08253
639.570103;0.077752
639.765511;0.079947
639.960918;0.078161
640.156326;0.081035
640.351734;0.079022
640.547142;0.086162
640.74255;0.090638
640.937958;0.082145
641.133366;0.083323
641.328774;0.079948
641.524182;0.090583
641.71959;0.079131
641.914998;0.083047
642.110405;0.084918
642.305813;0.078587
642.501221;0.088078
642.696629;0.077591
642.892037;0.078076
643.087445;0.082072
643.282853;0.081553
643.478261;0.069039
643.673669;0.066136
643.869077;0.058231
644.064485;0.074998
644.259893;0.060944
644.4553;0.068608
644.650708;0.067815
644.846116;0.063135
645.041524;0.062664
645.236932;0.063951
645.43234;0.052311
645.627748;0.057037
645.823156;0.065538
646.018564;0.064914
646.213972;0.058631
646.40938;0.058212
646.604787;0.052626
646.800195;0.060512
646.995603;0.063011
647.191011;0.062489
647.386419;0.053851
647.581827;0.054333
647.777235;0.054142
647.972643;0.06276
648.168051;0.052114
648.363459;0.05126
648.558867;0.062764
648.754275;0.05643
648.949682;0.056418
649.14509;0.060302
649.340498;0.063722
649.535906;0.059085
649.731314;0.06055
649.926722;0.073062
650.12213;0.056848
650.317538;0.078017
650.512946;0.057439
650.708354;0.057145
650.903762;0.06105
651.09917;0.068791
651.294577;0.065407
651.489985;0.058498
651.685393;0.071268
651.880801;0.063618
652.076209;0.066697
652.271617;0.05849
652.467025;0.066277
652.662433;0.067749
652.857841;0.075473
653.053249;0.078812
653.248657;0.053155
653.444064;0.05676
653.639472;0.061688
653.83488;0.071055
654.030288;0.063797
654.225696;0.08258
654.421104;0.060264
654.616512;0.068541
654.81192;0.067095
655.007328;0.052706
655.202736;0.075092
655.398144;0.069817
655.593552;0.074931
655.788959;0.050767
655.984367;0.055651
656.179775;0.068569
656.375183;0.057202
656.570591;0.054178
656.765999;0.048586
656.961407;0.065199
657.156815;0.062588
657.352223;0.069333
657.547631;0.074983
657.743039;0.075249
657.938447;0.058928
658.133854;0.067483
658.329262;0.083984
658.52467;0.059586
658.720078;0.092673
658.915486;0.061364
659.110894;0.067772
659.306302;0.073604
659.50171;0.044658
659.697118;0.055086
659.892526;0.045513
660.087934;0.054886
660.283341;0.06445
660.478749;0.061135
660.674157;0.075921
660.869565;0.073041
661.064973;0.03465
661.260381;0.04658
661.455789;0.030971
661.651197;0.059578
661.846605;0.060036
662.042013;0.062787
662.237421;0.064539
662.432829;0.095488
662.628236;0.062794
662.823644;0.04782
663.019052;0.058568
663.21446;0.063202
663.409868;0.081029
663.605276;0.071098
663.800684;0.06669
663.996092;0.079567
664.1915;0.052918
664.386908;0.061318
664.582316;0.056875
664.777723;0.090829
664.973131;0.0784
665.168539;0.065201
665.363947;0.11175
665.559355;0.085963
665.754763;0.08464
665.950171;0.065651
666.145579;0.083434
666.340987;0.060033
666.536395;0.044416
666.731803;0.065934
666.927211;0.069732
667.122618;0.10422
667.318026;0.10548
667.513434;0.075024
667.708842;0.096979
667.90425;0.089626
668.099658;0.10275
668.295066;0.071927
668.490474;0.097054
668.685882;0.10337
668.88129;0.070823
669.076698;0.056869
669.272106;0.083817
669.467513;0.075782
669.662921;0.096142
669.858329;0.10367
670.053737;0.096433
670.249145;0.094583
670.444553;0.10564
670.639961;0.10783
670.835369;0.1332
671.030777;0.1125
671.226185;0.11872
671.421593;0.11626
671.617;0.10388
671.812408;0.1161
672.007816;0.10441
672.203224;0.10413
672.398632;0.13385
672.59404;0.094588
672.789448;0.12832
672.984856;0.088776
673.180264;0.090518
673.375672;0.1142
673.57108;0.11815
673.766488;0.13946
673.961895;0.099735
674.157303;0.1103
674.352711;0.081031
674.548119;0.12941
674.743527;0.06565
674.938935;0.12764
675.134343;0.072615
675.329751;0.080362
675.525159;0.11174
675.720567;0.1166
675.915975;0.095773
676.111383;0.1314
676.30679;0.12162
676.502198;0.11805
676.697606;0.092151
676.893014;0.13377
677.088422;0.13544
677.28383;0.13099
677.479238;0.10284
677.674646;0.13562
677.870054;0.1
678.065462;0.13346
678.26087;0.11058
678.456277;0.087194
678.651685;0.087125
678.847093;0.10153
679.042501;0.071584
679.237909;0.063951
679.433317;0.10704
679.628725;0.10495
679.824133;0.038152
680.019541;0.027017
680.214949;0.06823
680.410357;0.040519
680.605765;0.14958
680.801172;0.061198
680.99658;0.0635
681.191988;0.042813
681.387396;0.063917
681.582804;0.072043
681.778212;0.050677
681.97362;0.093954
682.169028;0.14195
682.364436;0.067294
682.559844;0.060987
682.755252;0.047969
682.95066;0.14668
683.146067;0.039634
683.341475;0.021265
683.536883;0.10396
683.732291;0.032137
683.927699;0.029607
684.123107;0.027091
684.318515;0.070806
684.513923;0.035079
684.709331;0.069859
684.904739;0.096719
685.100147;0.15482
685.295554;0.084984
685.490962;0.12812
685.68637;0.055726
685.881778;0.10494
686.077186;0.13425
686.272594;0.099642
686.468002;0.058911
686.66341;0.055855
686.858818;0.12376
687.054226;0.095605
687.249634;0.11905
687.445042;0.040634
687.640449;0.0030769
687.835857;0.079332
688.031265;0.044082
688.226673;0.13079
688.422081;0.22183
688.617489;0.0019417
688.812897;-0.013774
689.008305;0.11015
689.203713;0.1139
689.399121;0.19364
689.594529;0.090705
689.789936;0.046699
689.985344;0.21671
690.180752;0.10858
690.37616;0.12679
690.571568;0.065934
690.766976;0.079783
690.962384;0.088144
691.157792;0.0032362
691.3532;0.065909
691.548608;0.12003
691.744016;0.065102
691.939424;0.17584
692.134831;0.06603
692.330239;0.10026
692.525647;0.025052
692.721055;0.068202
692.916463;0.10751
693.111871;0.087985
693.307279;0.032889
693.502687;-0.060317
693.698095;0.0364
693.893503;-0.12647
694.088911;0.11577
694.284319;0.21764
694.479726;0.14545
694.675134;0.063095
694.870542;-0.013237
695.06595;0.0098765
695.261358;0.19017
695.456766;0.12658
695.652174;0.047157
695.847582;0.27551
696.04299;-0.027435
696.238398;0.059474
696.433806;-0.032335
696.629213;0.043333
696.824621;0.2984
697.020029;0.021802
697.215437;0.29167
697.410845;0.20502
697.606253;0.16066
697.801661;0.044715
697.997069;0.16888
698.192477;0.25364
698.387885;-0.23247
698.583293;0.01845
698.778701;0.2039
698.974108;-0.035889
699.169516;-0.27033
699.364924;0.10056
699.560332;0.068359
699.75574;-0.2
699.951148;0.019569
700.146556;-0.015686
700.341964;0.035785
700.537372;-0.061828
700.73278;-0.11202
700.928188;0.0097466
701.123596;-0.06
701.319003;-0.39186
701.514411;-0.082278
701.709819;0.028846
701.905227;0.041667
702.100635;-0.0055866
702.296043;0.10267
702.491451;0.24138
702.686859;-0.12927
702.882267;0.11702
703.077675;0.42083
703.273083;0.092308
703.46849;0.058943
703.663898;0.1639
703.859306;-0.16418
704.054714;0.23219
704.250122;-0.12626
704.44553;0.27557
704.640938;0.032338
704.836346;0.040964
705.031754;-0.18043
705.227162;-0.45635
705.42257;-0.013423
705.617978;0.12662
705.813385;-0.0065076
706.008793;-0.011561
706.204201;-0.33953
706.399609;0.20833
706.595017;-10.237
706.790425;-0.098802
706.985833;0.0096774
707.181241;0.0026247
707.376649;0.004717
707.572057;-0.010676
707.767465;-0.080808
707.962872;0.087227
708.15828;-0.15299
708.353688;0.45501
708.549096;-0.18876
708.744504;-0.2449
708.939912;-0.41622
709.13532;-0.25697
709.330728;-0.10036
709.526136;-0.46667
709.721544;-0.61582
709.916952;-11.111
710.11236;-0.24155
710.307767;0.027778
710.503175;-10.154
710.698583;0.42933
710.893991;-0.59477
711.089399;-0.11336
711.284807;-0.51299
711.480215;0.071895
711.675623;0.10687
711.871031;-0.23105
712.066439;0.093525
712.261847;-0.69748
712.457255;-0.21053
712.652662;-0.085714
712.84807;-0.70556
713.043478;-0.42857
713.238886;-12.532
713.434294;0.10194
713.629702;-0.61261
713.82511;0.55043
714.020518;-0.29921
714.215926;-0.033613
714.411334;-0.26943
714.606742;0.15888
714.802149;0.23457
714.997557;-0.64286
715.192965;0.57491
715.388373;0.38356
715.583781;0.31385
715.779189;0.066148
715.974597;-0.12903
716.170005;-21.373
716.365413;-0.16605
716.560821;-0.2648
716.756229;0.57143
716.951637;0.079365
717.147044;-0.39252
717.342452;0.10625
717.53786;-0.21481
717.733268;-0.18396
717.928676;0.17031
718.124084;-0.96273
718.319492;-0.036145
718.5149;7
718.710308;0.26282
718.905716;0.070968
719.101124;-0.035461
719.296532;0.61702
719.491939;-10.267
719.687347;-0.80851
719.882755;-0.076142
720.078163;-0.60345
720.273571;-12.308
720.468979;-0.25
720.664387;-0.22018
720.859795;-0.017647
721.055203;0.061224
721.250611;0.34232
721.446019;-0.89583
721.641426;-0.07
721.836834;-0.017794
722.032242;0.44796
722.22765;0.062176
722.423058;-0.031847
722.618466;-0.37379
722.813874;-0.20805
723.009282;-0.088106
723.20469;-0.31455
723.400098;11.667
723.595506;0.19653
723.790914;-0.67742
723.986321;-0.13483
724.181729;0.1
724.377137;-19.535
724.572545;-35.636
724.767953;-0.51128
724.963361;-0.54348
725.158769;-0.66486
725.354177;0.23729
725.549585;-0.043062
725.744993;-0.84091
725.940401;-10.534
726.135809;-20.345
726.331216;0.90196
726.526624;-0.30964
726.722032;-0.45679
726.91744;-0.051282
727.112848;-0.32192
727.308256;-23.188
727.503664;0.045714
727.699072;0.2514
727.89448;0.32143
728.089888;0.45
728.285296;-0.016667
728.480703;-2
728.676111;-0.34199
728.871519;0.17755
729.066927;-0.28821
729.262335;-10.147
729.457743;0.021739
729.653151;0.023438
729.848559;-0.36585
730.043967;-0.17647
730.239375;-10.196
730.434783;-0.59538
730.630191;0.10101
730.825598;0.012931
731.021006;-0.37415
731.216414;0.36842
731.411822;-31.566
731.60723;-0.3319
731.802638;-0.44
731.998046;0.30872
732.193454;-0.72727
732.388862;-0.78912
732.58427;-95.333
732.779678;-0.11561
732.975085;-12.892
733.170493;-0.47328
733.365901;-0.098485
733.561309;-0.77236
733.756717;-0.80368
733.952125;-0.32287
734.147533;0.15226
734.342941;-0.46305
734.538349;-0.059406
734.733757;-0.65
734.929165;-11.276
735.124573;-2.402
735.31998;-0.097902
735.515388;-0.99259
735.710796;-0.44828
735.906204;-0.31884
736.101612;0.1405
736.29702;-0.056738
736.492428;0.20891
736.687836;0.11948
736.883244;-0.55063
737.078652;-0.2987
737.27406;-0.43598
737.469468;0.27817
737.664875;-0.67181
737.860283;-0.31694
738.055691;-11.009
738.251099;-0.12737
738.446507;0.11567
738.641915;-0.65064
738.837323;0.072235
739.032731;0.0087566
739.228139;-387
739.423547;-0.61966
739.618955;-0.23048
739.814362;-0.0076336
740.00977;0.0042105
740.205178;-0.12476
740.400586;-0.18956
740.595994;-0.10694
740.791402;-0.12931
740.98681;-0.066225
741.182218;0.13149
741.377626;-0.037304
741.573034;-0.11111
741.768442;-0.060606
741.96385;-0.083045
742.159257;-0.15284
742.354665;-0.054632
742.550073;0.064935
742.745481;0.12568
742.940889;0.10316
743.136297;0.033688
743.331705;0.075218
743.527113;0.017058
743.722521;-0.11907
743.917929;0.063728
744.113337;-0.096939
744.308745;-0.011725
744.504152;-0.039084
744.69956;-0.025981
744.894968;-0.038208
745.090376;0.059878
745.285784;0.062798
745.481192;0
745.6766;0.042795
745.872008;-0.014697
746.067416;0.068086
746.262824;0.028453
746.458232;0.0066411
746.653639;0.030055
746.849047;0.025154
747.044455;0.044346
747.239863;0.041909
747.435271;0.030848
747.630679;0.041437
747.826087;0.045876
748.021495;0.040871
748.216903;0.067239
748.412311;0.048431
748.607719;0.061738
748.803127;0.045761
748.998534;0.052257
749.193942;0.064016
749.38935;0.047734
749.584758;0.053376
749.780166;0.069378
749.975574;0.065005
750.170982;0.070968
750.36639;0.061066
750.561798;0.058733
750.757206;0.054166
750.952614;0.07178
751.148021;0.064353
751.343429;0.063637
751.538837;0.062438
751.734245;0.083709
751.929653;0.081144
752.125061;0.07858
752.320469;0.082584
752.515877;0.074048
752.711285;0.080152
752.906693;0.073289
753.102101;0.074432
753.297509;0.073655
753.492916;0.082961
753.688324;0.081575
753.883732;0.081244
754.07914;0.085605
754.274548;0.09207
754.469956;0.077251
754.665364;0.075694
754.860772;0.082071
755.05618;0.087521
755.251588;0.086659
755.446996;0.094578
755.642404;0.0831
755.837811;0.073293
756.033219;0.078917
756.228627;0.087355
756.424035;0.088727
756.619443;0.091804
756.814851;0.094434
757.010259;0.093255
757.205667;0.080717
757.401075;0.091897
757.596483;0.097767
757.791891;0.084975
757.987298;0.085314
758.182706;0.096596
758.378114;0.094161
758.573522;0.10718
758.76893;0.093142
758.964338;0.11019
759.159746;0.098491
759.355154;0.093384
759.550562;0.096578
759.74597;0.10221
759.941378;0.08714
760.136786;0.090087
760.332193;0.10309
760.527601;0.1004
760.723009;0.096015
760.918417;0.09207
761.113825;0.10811
761.309233;0.099955
761.504641;0.10261
761.700049;0.11056
761.895457;0.10649
762.090865;0.10764
762.286273;0.10955
762.481681;0.10938
762.677088;107
762.872496;0.12039
763.067904;0.10919
763.263312;0.11373
763.45872;0.11996
763.654128;0.12361
763.849536;0.10745
764.044944;0.12568
764.240352;0.11314
764.43576;0.10601
764.631168;0.13045
764.826575;0.12399
765.021983;0.12222
765.217391;0.11235
765.412799;0.11749
765.608207;0.11659
765.803615;0.1164
765.999023;0.12143
766.194431;0.11791
766.389839;0.12661
766.585247;0.11244
766.780655;0.12374
766.976063;0.11331
767.17147;0.11761
767.366878;0.13081
767.562286;0.13148
767.757694;0.12606
767.953102;0.12917
768.14851;0.13015
768.343918;0.1184
768.539326;0.10489
768.734734;0.1233
768.930142;0.11632
769.12555;0.12824
769.320957;0.1159
769.516365;112
769.711773;0.11633
769.907181;0.13167
770.102589;0.11481
770.297997;0.12214
770.493405;0.11572
770.688813;0.12066
770.884221;0.12239
771.079629;0.12448
771.275037;0.12774
771.470445;0.12838
771.665852;0.12939
771.86126;0.11874
772.056668;0.14189
772.252076;0.12843
772.447484;0.12156
772.642892;0.14381
772.8383;0.13418
773.033708;0.13783
773.229116;0.13462
773.424524;0.14095
773.619932;0.14007
773.81534;0.13408
774.010747;0.13239
774.206155;0.13862
774.401563;0.14356
774.596971;0.15226
774.792379;0.15764
774.987787;0.13492
775.183195;0.13766
775.378603;0.13769
775.574011;0.14797
775.769419;0.13331
775.964827;0.13822
776.160234;0.14807
776.355642;0.14034
776.55105;0.13306
776.746458;0.13921
776.941866;0.14329
777.137274;0.13347
777.332682;0.14109
777.52809;0.14444
777.723498;0.15078
777.918906;0.13712
778.114314;0.15975
778.309722;0.12932
778.505129;0.12752
778.700537;0.14737
778.895945;0.13684
779.091353;0.14496
779.286761;0.1363
779.482169;0.14461
779.677577;0.13783
779.872985;0.14016
780.068393;0.13294
780.263801;0.12792
780.459209;0.13702
780.654617;0.15255
780.850024;0.12549
781.045432;0.13975
781.24084;0.13309
781.436248;0.1266
781.631656;0.1336
781.827064;0.1285
782.022472;0.11822
782.21788;0.12685
782.413288;0.12451
782.608696;0.12364
782.804104;0.1223
782.999511;0.14276
783.194919;0.13653
783.390327;0.12667
783.585735;0.13501
783.781143;0.13891
783.976551;0.12162
784.171959;0.13134
784.367367;0.12449
784.562775;0.12892
784.758183;0.13868
784.953591;0.14246
785.148999;0.13418
785.344406;0.13233
785.539814;0.13337
785.735222;0.13524
785.93063;0.13324
786.126038;0.13499
786.321446;0.13048
786.516854;0.13389
786.712262;0.11869
786.90767;0.1285
787.103078;0.11227
787.298486;0.12635
787.493894;0.12432
787.689301;0.13075
787.884709;0.1286
788.080117;0.1216
788.275525;0.10692
788.470933;0.12337
788.666341;0.11271
788.861749;0.11709
789.057157;0.11711
789.252565;0.10903
789.447973;0.11425
789.643381;0.1241
789.838788;0.12325
790.034196;0.12173
790.229604;0.11192
790.425012;0.11464
790.62042;0.1188
790.815828;0.10838
791.011236;0.11993
791.206644;0.12606
791.402052;0.11463
791.59746;0.12083
791.792868;122
791.988276;0.11794
792.183683;0.11764
792.379091;0.1158
792.574499;0.12107
792.769907;0.10915
792.965315;0.1147
793.160723;0.10455
793.356131;0.10814
793.551539;0.10051
793.746947;0.095734
793.942355;0.09922
794.137763;0.10616
794.33317;0.10985
794.528578;0.084248
794.723986;0.1016
794.919394;0.094808
795.114802;0.092975
795.31021;0.096893
795.505618;0.096485
795.701026;0.10072
795.896434;0.1069
796.091842;0.095718
796.28725;0.08918
796.482658;0.084087
796.678065;0.10216
796.873473;0.084268
797.068881;0.078811
797.264289;0.084597
797.459697;0.094593
797.655105;0.086916
797.850513;0.087232
798.045921;0.082883
798.241329;0.092845
798.436737;0.086611
798.632145;0.086111
798.827553;0.096575
799.02296;0.099811
799.218368;0.094666
799.413776;0.094603
799.609184;0.095304
799.804592;0.082988
800;0.090664